objectid,filename,,,title,creator,date,description,subject,,,,source,,type,format,language,rights,rightsstatement
tix_icon_original_001,tix_icon_original.png,,,Original Tickets (Tix) Icon,Roblox Corporation ,2007-2014,"The orginal icon for Tickets (Tix), Roblox's former free currency system. This icon represented Tix from its introduction in 2007 until its redesign in 2014.",Tix;Economy;Currency;Interface;Early Roblox,,,,Roblox Wiki,,Image;StillImage,image/png,eng,Screenshot from public forum use for educational and archival purposes,http://rightsstatements.org/vocab/NoC-US/1.0/
tix_icon_modern_002,tix_icon_modern.png,,,Modern Tickets (Tix) Icon ,Roblox Corporation ,   2014-2016,"The redesigned icon for Tickets (Tix), used in the final years before the currency was discontinued in 2016.",Tix;Economy;Currency;Interface;Redesign,,,,Roblox Wiki,,Image;StillImage,image/png,eng,Screenshot from public forum use for educational and archival purposes,http://rightsstatements.org/vocab/NoC-US/1.0/
roblex_exchange_003,roblex_exchange.png,,,RoblEX Currency Exchange System,Roblox Corporation ,2007-2016,"RoblEX (Currency Exchange) allowed users to trade tickets (Tix) for Robux and vice versa, forming a player-driven economy based on supply and demand.",Tix;Robux;Economy;RoblEX;Currency Exchange,,,,Roblox Wiki,,Image;StillImage,image/png,eng,Screenshot from public forum use for educational and archival purposes,http://rightsstatements.org/vocab/NoC-US/1.0/
tix_removal_official_blog_004,tix_removal_blog.png,,,Saying Goodbye to Tickets (Official Announcement),Roblox Corporation ,2016,"Official Roblox blog post announcing the discontinuation of Tickets (Tix), explaining reasons including product simplification, botting prevention, and changes to the virtual economy.",Tix;Economy;Policy Change;Announcement;Roblox Blog,,,,Blogspot,,Image;StillImage,image/png,eng,Screenshot from public forum use for educational and archival purposes,http://rightsstatements.org/vocab/NoC-US/1.0/
tix_nostalgia_reddit_005,tix_nostalgia_reddit.png,,,Community Nostalgia for Roblox Tickets (Tix),Reddit User (r/roblox community),2024,"Reddit post reflecting on the removal of Roblox Tickets (Tix), expressing nostalgia for the currency and its role in avatar customization and daily engagement. Includes community imagery referencing a symbolic “grave of Tix.",Tix;Nostalgia;Community Memory;Roblox Economy;Digital Culture,,,,Reddit (r/roblox),,Image;StillImage,image/png,eng,Screenshot from public forum use for educational and archival purposes,http://rightsstatements.org/vocab/NoC-US/1.0/
tixapalooza_2016_006,tixapalooza.png,,,Tixapalooza Farewell Event,Roblox Corporation ,2016,"Tixapalooza was a month-long farewell event held before the discontinuation of Tickets (Tix). From March 15 to April 13, 2016, Roblox released exclusive Ticket-themed commemorative items that allowed users to spend their remaining Tix balances before the currency was removed.",Tix;Events;Commemorative Items;Digital Economy;Roblox History,,,,Roblox Wiki,,Image;StillImage,image/png,eng,Screenshot from public forum use for educational and archival purposes,http://rightsstatements.org/vocab/NoC-US/1.0/
guest_first_appearance_2008_007,guest_first_appearance_2008.png,,,First Guest Appearance,Roblox Corporation ,2008,Early guest avatar used by unregistered players shortly after the introduction of Guest Mode in 2008. The avatar featured the traditional noob color scheme and allowed new users to experience Roblox without creating an account.,guest accounts;avatars;new users;platform onboarding;user identity,,,,Roblox Wiki,,Image;StillImage,image/png,eng,Screenshot from public forum use for educational and archival purposes,http://rightsstatements.org/vocab/NoC-US/1.0/
male_guest_008,male_guest.png,,,BillyBloxxer Guest Avatar,Roblox Corporation,2016-2017,"Male guest avatar used on Roblox following the September 2016 guest avatar redesign. BillyBloxxer represented unregistered users who selected the male guest option before entering games. The avatar featured the Robloxian 2.0 body package, True Blue Hair, a Roblox jacket, jeans, and sneakers.",guest accounts;BillyBloxxer;avatars;user onboarding;unregistered users;Robloxian 2.0,,,,Roblox Wiki,,Image;StillImage,image/png,eng,Screenshot from public forum use for educational and archival purposes,http://rightsstatements.org/vocab/NoC-US/1.0/
female_guest_009,female_guest.png,,,BettyBloxxer Guest Avatar,Roblox Corporation,2016-2017,"Female guest avatar used on Roblox following the September 2016 guest avatar redesign. BettyBloxxer represented unregistered users who selected the female guest option before entering games. The avatar featured the Robloxian 2.0 body package, Lavender Updo Hair, a Roblox jacket, jeans, and sneakers.",guest accounts;BettyBloxxer;avatars;user onboarding;unregistered users;Robloxian 2.0,,,,Roblox Wiki,,Image;StillImage,image/png,eng,Screenshot from public forum use for educational and archival purposes,http://rightsstatements.org/vocab/NoC-US/1.0/
play_as_guest_popup_2012_010,play_as_guest_popup_2012.png,,,Play as Guest Popup,Roblox Corporation,2012-2017,"Interface and access-layer artifact showing the “Play as Guest” entry system used on Roblox between 2012 and 2017. This popup allowed unregistered users to enter games without creating an account and functioned as a key onboarding gateway into the platform.This artifact represents the guest access layer of the Roblox platform, where identity was temporarily assigned at login rather than permanently registered.",guest accounts;interface design;user onboarding;access layer;Play as Guest;Roblox login system;unregistered users,,,,Roblox Wiki,,Image;StillImage,image/png,eng,Screenshot from public forum use for educational and archival purposes,http://rightsstatements.org/vocab/NoC-US/1.0/
guest_nametag_011,guest_nametag.png,,,Guest Nametag,Roblox Corporation,2008-2017,"In-game nametag used to identify unregistered players on Roblox servers. Guests appeared under the generic label “Guest” followed by a randomly assigned number, making them visually distinct from registered users. This nametag functioned as a temporary identity system, reinforcing Guest status as a non-persistent account type within gameplay environments.",guest accounts;nametags;player identity;UI overlay;unregistered users;in-game interface,,,,Roblox Wiki,,Image;StillImage,image/png,eng,Screenshot from public forum use for educational and archival purposes,http://rightsstatements.org/vocab/NoC-US/1.0/
guest_safe_chat_012,guest_safe_chat_2013.png,,,Guest Safe Chat Interface,Roblox Corporation,2013,"Screenshot showing the communication restrictions applied to Guest accounts on Roblox in November 2013. Guests were limited to Super Safe Chat, a menu-based communication system that prevented free-text messaging and restricted interactions to pre-approved phrases. This artifact documents Roblox's moderation and safety policies for unregistered users, illustrating how communication was controlled within the platform's guest access system.",guest accounts;safe chat;Super Safe Chat;communication;moderation;child safety;user restrictions;unregistered users,,,,Roblox Wiki,,Image;StillImage,image/png,eng,Screenshot from public forum use for educational and archival purposes,http://rightsstatements.org/vocab/NoC-US/1.0/
removal_of_guest_mode_announcement_013,removal_of_guest_mode_announcement.png,,,Removal of Guest Mode Announcement,Roblox Corporation,2017,"Official announcement published on the Roblox Developer Forum documenting the discontinuation of Guest Mode on both desktop and mobile platforms. Roblox stated that requiring users to create registered accounts would improve player retention, social interaction, game engagement, and monetization opportunities for developers. This artifact marks the end of guest access on Roblox and reflects the platform's transition toward account-based participation and community engagement.",guest accounts;feature removal;platform policy;user registration;developer relations;community management;account systems,,,,Roblox Wiki,,Image;StillImage,image/png,eng,Screenshot from public forum use for educational and archival purposes,http://rightsstatements.org/vocab/NoC-US/1.0/
roblox_forum_categories_archive_014,roblox_forum_categories_archive.png,,,Roblox Forums Categories (Archived),Roblox Corporation (archived by Froast),2017,"Archived view of the Roblox Forums category index preserved through the Roblox Forum Archive. The page displays major discussion areas including Roblox News & Discussion, All Things Roblox, Help, Suggestions & Ideas, and Roblox Events & Contests. It illustrates how communication and community interaction were organized on Roblox before the forums were closed in December 2017.",Roblox forums;online communities;communication layer;user discussion;community participation;social interaction;platform communication;forum culture,,,,Roblox Forum Archive (Froast),,Image;StillImage,image/png,eng,Screenshot from public forum use for educational and archival purposes,http://rightsstatements.org/vocab/NoC-US/1.0/
suggestions_and_ideas_forum_015,suggestions_and_ideas_forum.png,,,Suggestions & Ideas Forum (S&I),Roblox Corporation,2008-2017,"Screenshot or wiki documentation of the Suggestions & Ideas (S&I) section of the Roblox Forums. This forum allowed users to propose new features, platform improvements, and community ideas while discussing suggestions made by other players. As one of the most active forum sections, it functioned as a participatory space where users attempted to influence platform development and engage in community debate.",Roblox forums;suggestions and ideas;user feedback;participatory culture;communication layer;community discussion;platform governance;user contributions,,,,Roblox Wiki,,Image;StillImage,image/png,eng,Screenshot from public forum use for educational and archival purposes,http://rightsstatements.org/vocab/NoC-US/1.0/
roblox_public_forum_closure_016,roblox_public_forum_closure.png,,,Upcoming Changes to the Public Roblox Forum,Roblox Corporation,2017,"Official Roblox Developer Forum announcement informing users that the public Roblox Forums would become read-only and permanently close on December 11, 2017. Roblox cited excessive abuse and moderation challenges as reasons for the shutdown while encouraging users to transition to Groups and the Developer Forum. This artifact documents a major change to Roblox's communication infrastructure and the removal of a long-standing community discussion space.",Roblox forums;communication layer;forum closure;platform governance;moderation;community discussion;developer forum;digital communities,,,,Developer Forum,,Image;StillImage,image/png,eng,Screenshot from public forum use for educational and archival purposes,http://rightsstatements.org/vocab/NoC-US/1.0/
roblox_group_advertisement_017,roblox_group_advertisement.png,,,Advertise This Group Button,Roblox Corporation,2011-2024,"Screenshot showing the ""Advertise this Group"" feature on the LOL group page. This feature allowed community owners to promote their groups through Roblox advertisements, helping users discover and join communities. It demonstrates how communication and community growth were facilitated through platform-supported advertising tools.",Roblox groups;community advertising;group promotion;communication layer;user communities;social interaction,,,,Roblox Wiki,,Image;StillImage,image/png,eng,Screenshot from public forum use for educational and archival purposes,http://rightsstatements.org/vocab/NoC-US/1.0/
roblox_forum_help_018,roblox_forum_help.png,,,Roblox Help Forum (Archived Snapshot),Roblox Corporation,2017,"Archived snapshot of the Roblox Help forum showing active user support threads. Topics include account issues, lag problems, missing Robux, chat display errors, and general troubleshooting. This forum functioned as the primary technical support space within the Roblox public forums, where users relied on peer assistance and informal moderation to resolve gameplay and account-related issues.",Roblox forums;help forum;technical support;user issues;community troubleshooting;online support systems,,,,Roblox Community (via Froast Archive),,Image;StillImage,image/png,eng,Screenshot from public forum use for educational and archival purposes,http://rightsstatements.org/vocab/NoC-US/1.0/
roblox_news_discussion_forum_019,roblox_news_discussion_forum.png,,,Roblox News & Discussion Forum,Roblox Corporation,2017,"Archived snapshot of the Roblox News & Discussion forum shortly before the closure of the public forums. The page contains discussions about platform events, game reviews, user achievements, holiday conversations, and reactions to Roblox updates. This forum served as a central hub for community discourse and public discussion within the Roblox ecosystem.",Roblox forums;news and discussion;community discussion;user interaction;online communities;communication layer;public forums,,,,Roblox Forum Archive (Froast),,Image;StillImage,image/png,eng,Screenshot from public forum use for educational and archival purposes,http://rightsstatements.org/vocab/NoC-US/1.0/
roblox_homepage_2005_018,roblox_homepage_2005.png,,,Roblox Homepage (2005),Roblox Corporation,2005,"Screenshot of the Roblox homepage during the platform's early beta period. The interface highlights Roblox's original identity as an ""Online Building Toy"" and includes navigation links such as Build!, Games, Models, Forum, My Stuff, and Contests. The homepage demonstrates how users accessed platform features, discovered games, tracked Roblox Points, and participated in the growing community. As one of Roblox's earliest interfaces, it illustrates the foundational structure of user interaction and platform navigation.",Roblox interface;homepage;platform navigation;online communities;user experience;digital platform history;Roblox beta;interface layer,,,,Web Design Museum-Roblox in 2005,,Image;StillImage,image/png,eng,Screenshot from public forum use for educational and archival purposes,http://rightsstatements.org/vocab/NoC-US/1.0/
roblox_homepage_2006_019,roblox_homepage_2006.png,,,Roblox Homepage (2006,Roblox Corporation,2006,"Screenshot of the Roblox homepage from 2006 showing one of the platform's earliest public interfaces. The page features account login, player discovery, recently visited places, forum access, and sign-up functions. The homepage introduces new users to Roblox's building and social systems while directing them toward community participation through forums and place creation. This artifact demonstrates the platform's early interface and onboarding structure during Roblox's formative years.",Roblox interface;homepage;user onboarding;online communities;place creation;social platform;digital culture;interface layer,,,,Web Design Museum-Roblox in 2006,,Image;StillImage,image/png,eng,Screenshot from public forum use for educational and archival purposes,http://rightsstatements.org/vocab/NoC-US/1.0/
roblox_login_page_2007_020,roblox_login_page_2007.png,,,Roblox Login Page (2007),Roblox Corporation,2007,"Screenshot of the Roblox login page from 2007. The interface promotes key platform features including place building, multiplayer interaction, brick battle games, and the premium Builders Club membership. The page also highlights Roblox's child-friendly design through COPPA compliance messaging and serves as an entry point into the platform's social and creative ecosystem. This artifact demonstrates how Roblox presented its identity and onboarding experience during its early growth period.",Roblox interface;login page;user onboarding;Builders Club;online gaming;virtual worlds;digital communities;child safety;interface layer,,,,Web Design Museum- Roblox in 2007,,Image;StillImage,image/png,eng,Screenshot from public forum use for educational and archival purposes,http://rightsstatements.org/vocab/NoC-US/1.0/
roblox_homepage_2008_021,roblox_homepage_2008.png,,,Roblox Homepage and Login Interface (2008),Roblox Corporation,2008,"Screenshot of the Roblox homepage and login interface from 2008. The page prominently promotes Roblox Studio through the slogan ""You Dreamed It, Now Build It!"" and highlights the platform's focus on user-generated content. Navigation links to Games, Catalog, People, Builders Club, Forum, and News demonstrate the expansion of Roblox's social, creative, and economic features. The interface also emphasizes account access, multiplayer interaction, place creation, and child safety through COPPA compliance messaging. This artifact illustrates the growing complexity of Roblox's interface and its transition into a platform centered on creation, community participation, and game development.",Roblox interface;homepage;login page;Roblox Studio;user-generated content;game development;online communities;Builders Club;platform navigation;interface layer,,,,Web Design Museum- Roblox in 2008,,Image;StillImage,image/png,eng,Screenshot from public forum use for educational and archival purposes,http://rightsstatements.org/vocab/NoC-US/1.0/
roblox_login_page_2009_022,roblox_login_page_2009.png,,,Roblox Login and Homepage Interface (2009),Roblox Corporation,2009,"Screenshot of the Roblox login and homepage interface from 2009. The page highlights major platform features including games, the catalog, forums, Builders Club membership, and user-created content. It also showcases Roblox's emerging virtual economy through references to Tickets, ROBUX, user advertisements, and the Currency Exchange. Featured games, platform news, and parental information are prominently displayed, demonstrating Roblox's evolution into a social gaming platform with interconnected community, economic, and creative systems. This artifact illustrates how users accessed and navigated Roblox during a period of rapid platform expansion.",Roblox interface;login page;virtual economy;Tickets;Robux;Currency Exchange;Builders Club;online communities;user-generated content;platform navigation;interface layer,,,,Web Design Museum- Roblox in 2009,,Image;StillImage,image/png,eng,Screenshot from public forum use for educational and archival purposes,http://rightsstatements.org/vocab/NoC-US/1.0/
roblox_login_page_2010_023,roblox_login_page_2010.png,,,Roblox Login and Discovery Interface (2010),Roblox Corporation,2010,"Screenshot of the Roblox login and homepage interface from 2010. The page combines account access with game discovery, featuring navigation to games, the catalog, forums, contests, and Builders Club membership. Featured games, platform statistics, news updates, and genre categories such as Medieval, Sci-Fi, Pirate, and Adventure are prominently displayed, encouraging users to explore user-generated experiences. The interface also includes parental information and child-safety messaging, reflecting Roblox's continued focus on young audiences while expanding its social and gaming ecosystem. This artifact demonstrates how Roblox organized content discovery and platform engagement during a period of significant growth.",Roblox interface;login page;game discovery;user-generated content;Builders Club;online gaming;digital communities;platform navigation;child safety;interface layer,,,,Web Design Museum- Roblox in 2010,,Image;StillImage,image/png,eng,Screenshot from public forum use for educational and archival purposes,http://rightsstatements.org/vocab/NoC-US/1.0/
roblox_login_page_2011_024,roblox_login_page_2011.png,,,Roblox Login and Social Interface (2011),Roblox Corporation,2011,"Screenshot of the Roblox login and homepage interface from 2011. The page reflects Roblox’s transition into a more socially driven platform, featuring the introduction of social sign-in options such as Facebook login alongside traditional account access. Navigation links include Games, Catalog, People, Builders Club, Contests, Forums, and News, highlighting an increasingly interconnected platform ecosystem. Featured games, user statistics, and news updates remain central, while genre categories help guide discovery. This artifact demonstrates Roblox’s shift toward a hybrid identity as both a game platform and an online social hangout.",Roblox interface;login page;social networking;Facebook login;online games;Builders Club;user-generated content;platform navigation;digital communities;interface layer,,,,Web Design Museum- Roblox in 2011,,Image;StillImage,image/png,eng,Screenshot from public forum use for educational and archival purposes,http://rightsstatements.org/vocab/NoC-US/1.0/
roblox_homepage_interface_2012_025,roblox_homepage_interface_2012.png,,,Roblox Homepage Interface (2012),Roblox Corporation,2012,"Roblox homepage interface showing the transition into a more structured social gaming platform. The layout includes a centralized login panel with optional Facebook login integration, navigation tabs such as Games, Catalog, People, Builders Club, Forum, and Blog, and a featured game spotlight system. The homepage emphasizes user engagement through “Play Now” calls-to-action, weekly news updates, and improved game discovery tools. This interface reflects Roblox’s shift from a purely browser-based building toy into a social gaming ecosystem with integrated community and content discovery layers.",Roblox interface;old roblox;web design;online games;virtual worlds;gaming platform evolution;social gaming;roblox homepage,,,,Web Design Museum- Roblox in 2012,,Image;StillImage,image/png,eng,Screenshot from public forum use for educational and archival purposes,http://rightsstatements.org/vocab/NoC-US/1.0/
roblox_interface_2013_026,roblox_interface_2013.png,,,Roblox Homepage Interface (2013),Roblox Corporation,2013,"Roblox homepage interface showing an early modernization phase in platform design. The layout includes a structured navigation bar featuring Home, Games, Catalog, Develop, Upgrade, Forum, and More, alongside a centralized login system with Facebook integration. The homepage highlights featured games with promotional panels and advertisement spaces, while also introducing stronger developer-facing visibility through tutorials, livestream announcements (BLOXcast), and official news updates. This interface reflects Roblox’s transition into a hybrid gaming and development platform with increased emphasis on creator tools, community engagement, and cross-platform expansion messaging.",Roblox interface;old roblox;web design;online games;roblox developer tools;gaming platform evolution;social gaming;roblox homepage;devforum era,,,,Web Design Museum- Roblox in 2013,,Image;StillImage,image/png,eng,Screenshot from public forum use for educational and archival purposes,http://rightsstatements.org/vocab/NoC-US/1.0/
roblox_interface_2014_027,roblox_interface_2014.png,,,Roblox Signup Interface (2014),Roblox Corporation,2014,"Roblox account creation interface showing a shift toward structured onboarding and user identity setup. The page emphasizes joining the platform through a guided signup flow, including mandatory birthday entry for age-based experience filtering, optional gender selection, username constraints, and password requirements designed for security and consistency. The interface highlights Roblox’s growing focus on personalization, safety systems, and scalable account infrastructure as the platform expanded its global user base. This design reflects a transition from open-access browsing toward a more regulated, account-driven ecosystem.",Roblox interface;signup page;account creation;online gaming platform;user onboarding;digital identity;web design evolution;roblox history,,,,Web Design Museum- Roblox in 2014,,Image;StillImage,image/png,eng,Screenshot from public forum use for educational and archival purposes,http://rightsstatements.org/vocab/NoC-US/1.0/
roblox_interface_2015_028,roblox_interface_2015.png,,,Roblox Homepage Interface (2015),Roblox Corporation,2015,"Roblox homepage interface showing a transitional design phase where the platform begins emphasizing cross-device accessibility and user-generated content at scale. The layout features a structured signup panel with birthday and gender input, simplified login flow, and promotional messaging centered around “You Make the Game.” The homepage highlights Roblox as a creative ecosystem where users can build, publish, and play experiences across desktop, tablet, and mobile devices. This interface reflects Roblox’s shift toward becoming a multi-platform social gaming system, supported by app store integration and increased focus on accessibility and creator-driven content.",Roblox interface;homepage design;signup flow;online gaming platform;user generated content;mobile gaming;cross platform gaming;web design evolution;roblox history,,,,Web Design Museum- Roblox in 2015,,Image;StillImage,image/png,eng,Screenshot from public forum use for educational and archival purposes,http://rightsstatements.org/vocab/NoC-US/1.0/
roblox_interface_2016_029,roblox_interface_2016.png,,,Roblox Homepage Interface (2016),Roblox Corporation,2016,"Roblox homepage interface reflecting a major branding and platform expansion phase. The design emphasizes the slogan “Powering Imagination” and presents Roblox as a large-scale user-generated gaming ecosystem with millions of games created by users. The signup flow includes structured account creation fields such as username, password, birthday, and gender, alongside clear terms and privacy acknowledgment. The interface highlights Roblox’s availability across multiple platforms including PC, Mac, iOS, Android, Amazon devices, Xbox One, and Windows 10, signaling its transition into a fully cross-platform gaming ecosystem. This layout represents Roblox’s shift toward corporate-level branding, mobile-first accessibility, and large-scale user-generated content positioning.",Roblox interface;homepage design;platform expansion;user generated content;cross platform gaming;mobile gaming;branding evolution;online gaming platform;roblox history,,,,Web Design Museum- Roblox in 2016,,Image;StillImage,image/png,eng,Screenshot from public forum use for educational and archival purposes,http://rightsstatements.org/vocab/NoC-US/1.0/
roblox_interface_2017_30,roblox_interface_2017.png,,,Roblox Homepage Interface (2017),Roblox Corporation,2017,"Roblox homepage interface showing a further refinement of the platform’s modern identity and branding system. The page emphasizes the slogan “Powering Imagination” and highlights Roblox as a large-scale user-generated gaming ecosystem with millions of player-created experiences. The layout includes a simplified signup flow focused on birthday selection and account creation, alongside strong promotional messaging about cross-platform availability across PC, Mac, iOS, Android, Amazon devices, Xbox One, and Windows 10. The interface reflects Roblox’s transition into a unified, device-agnostic gaming platform with a strong emphasis on accessibility, safety, and global reach.",Roblox interface;homepage design;signup page;platform evolution;cross platform gaming;user generated content;branding evolution;online gaming platform;roblox history,,,,Web Design Museum- Roblox in 2017,,Image;StillImage,image/png,eng,Screenshot from public forum use for educational and archival purposes,http://rightsstatements.org/vocab/NoC-US/1.0/
roblox_interface_2018_31,roblox_interface_2018.png,,,Roblox Homepage Interface (2018),Roblox Corporation,2018,"Roblox homepage interface showing a transitional modern design phase focused on unified account access and streamlined onboarding. The login system now supports username, email, or phone-based authentication, reflecting a shift toward account recovery flexibility and mobile-first identity systems. The signup flow remains structured with birthday selection, username creation, password setup, and gender field, alongside updated terms of use agreement. The page continues to emphasize Roblox as a large-scale user-generated gaming platform with millions of experiences and cross-device availability. This interface represents a key step toward Roblox’s modern identity system, improved security infrastructure, and simplified user access across devices.",Roblox interface;homepage design;login system;account security;mobile gaming;user generated content;cross platform platform;signup flow;roblox history,,,,Web Design Museum- Roblox in 2018,,Image;StillImage,image/png,eng,Screenshot from public forum use for educational and archival purposes,http://rightsstatements.org/vocab/NoC-US/1.0/
roblox_interface_2019_032,roblox_interface_2019.png,,,Roblox Homepage Interface (2019),Roblox Corporation,2019,"Roblox homepage interface representing the final stage of the classic signup-centered layout before the platform fully transitioned into a modern feed-based home experience. The interface includes a unified login system supporting username, email, and phone authentication, alongside password recovery options. The signup section remains structured with birthday selection, username creation, password setup, and gender selection, paired with agreement to Terms of Use and Privacy Policy. The page continues to emphasize Roblox as a large-scale user-generated gaming platform with millions of experiences, while also highlighting cross-platform availability across PC, Mac, iOS, Android, Amazon devices, Xbox One, and Microsoft platforms. This interface marks the end of Roblox’s traditional homepage era and the transition into a modern app-like discovery ecosystem.",Roblox interface;homepage design;signup flow;login system;mobile gaming;cross platform gaming;user generated content;web design evolution;roblox history,,,,Web Design Museum- Roblox in 2019,,Image;StillImage,image/png,eng,Screenshot from public forum use for educational and archival purposes,http://rightsstatements.org/vocab/NoC-US/1.0/
roblox_interface_2020_033,roblox_interface_2020.png,,,Roblox Homepage Interface (2020),Roblox Corporation,2020,"Roblox homepage interface representing the final phase of the legacy signup-based homepage design before full transition into the modern feed-driven UI system. The layout centers on account creation with structured fields including birthday, username, password, and gender selection, alongside clear agreement to Terms of Use and Privacy Policy. The interface strongly emphasizes cross-platform accessibility, promoting availability on App Store, Google Play, Amazon Appstore, Xbox One, and Microsoft platforms. The branding highlights Roblox as a unified digital ecosystem focused on “Powering Imagination,” reflecting its mature identity as a global user-generated gaming platform. This design marks the end of the traditional static homepage era and precedes the shift toward algorithmic discovery and card-based home feeds.",Roblox interface;homepage design;signup page;mobile gaming;cross platform gaming;user generated content;platform evolution;web design history;roblox history,,,,Web Design Museum- Roblox in 2020,,Image;StillImage,image/png,eng,Screenshot from public forum use for educational and archival purposes,http://rightsstatements.org/vocab/NoC-US/1.0/
roblox_interface_2021_034,roblox_interface_2021.png,,,Roblox Homepage Interface (2021),Roblox Corporation,2021,"Roblox homepage interface representing a mature stage of the platform’s account creation and onboarding system. The signup flow includes structured fields for birthday selection, username creation, password requirements, and an optional gender field, reflecting increased flexibility in identity inputs. The interface introduces more explicit legal language, including acknowledgment of Terms of Use with arbitration clauses and Privacy Policy agreements. The layout continues to emphasize Roblox’s cross-platform availability across App Store, Google Play, Amazon Appstore, Xbox One, and Microsoft platforms. This design reflects Roblox’s evolution into a fully mature global gaming ecosystem with standardized legal frameworks, mobile-first design principles, and unified branding under the “Powering Imagination” identity.",Roblox interface;homepage design;signup flow;legal policy;mobile gaming;cross platform platform;user generated content;web evolution;roblox history,,,,Web Design Museum- Roblox in 2021,,Image;StillImage,image/png,eng,Screenshot from public forum use for educational and archival purposes,http://rightsstatements.org/vocab/NoC-US/1.0/
roblox_interface_2022_035,roblox_interface_2022.png,,,Roblox Homepage Interface (2022),Roblox Corporation,2022,"Roblox homepage interface representing a fully modernized and stabilized version of the platform’s account creation system. The signup flow includes structured fields for birthday, username, password requirements, and an optional gender field, alongside explicit agreement to Terms of Use including arbitration clauses and Privacy Policy acknowledgment. The interface continues to emphasize cross-platform availability across App Store, Google Play, Amazon Appstore, Xbox One, and Microsoft platforms, reinforcing Roblox’s identity as a unified multi-device ecosystem. This version also introduces accessibility as a standard navigation element, reflecting increased regulatory and usability standards. The design represents the final phase of Roblox’s traditional signup-focused homepage before the platform transitions fully into a feed-driven discovery interface.",Roblox interface;homepage design;signup page;mobile gaming;cross platform gaming;accessibility;user generated content;platform evolution;roblox history,,,,Web Design Museum- Roblox in 2022,,Image;StillImage,image/png,eng,Screenshot from public forum use for educational and archival purposes,http://rightsstatements.org/vocab/NoC-US/1.0/
builders_club_badge_membership_036,builders_club_badge_membership.png,,,Builders Club Membership Badge,Roblox Corporation,2007-2019,"Builders Club (BC) was the first paid membership system introduced on Roblox in 2007. It provided users with exclusive benefits such as a daily Robux stipend, increased group capacity, and the ability to create and sell clothing items. Membership also granted exclusive badges and previously enabled features such as personal servers and MEGA places.",Roblox; Builders Club; Membership System; Virtual Economy; Old Roblox; Digital Culture,,,,Roblox Wiki,,Image;StillImage,image/png,eng,Screenshot from public forum use for educational and archival purposes,http://rightsstatements.org/vocab/NoC-US/1.0/
turbo_builders_club_badge_membership_037,turbo_builders_club_badge_membership.png,,,Turbo Builders Club Membership,Roblox Corporation,2009-2019,"Turbo Builders Club (TBC) was a mid-tier Roblox membership introduced in 2009 as an upgrade above Classic Builders Club. It provided increased daily Robux payouts, expanded group limits, and exclusive membership rewards such as a Turbo Builders Club badge and hard hat. While more expensive than Classic Builders Club, it did not include the highest-tier privileges of Outrageous Builders Club, such as Developer Exchange eligibility.",Roblox; Turbo Builders Club; Membership System; Virtual Economy; Old Roblox; Digital Status System,,,,Roblox Wiki,,Image;StillImage,image/png,eng,Screenshot from public forum use for educational and archival purposes,http://rightsstatements.org/vocab/NoC-US/1.0/
outrageous_builders_club_badge_membership_038,outrageous_builders_club_badge_membership.png,,,Outrageous Builders Club Membership,Roblox Corporation,2009-2019,"Outrageous Builders Club (OBC) was the highest tier of the Builders Club membership system introduced in 2009. It provided users with the most extensive benefits, including the highest daily Robux stipend, expanded group limits, and access to Developer Exchange (DevEx) for eligible users. OBC members also received exclusive profile badges and platform recognition as high-status users. This tier became especially associated with experienced developers and administrators due to its monetization and creation privileges.",Roblox; Outrageous Builders Club; Membership System; Virtual Economy; Developer Economy; Digital Status Hierarchy,,,,Roblox Wiki,,Image;StillImage,image/png,eng,Screenshot from public forum use for educational and archival purposes,http://rightsstatements.org/vocab/NoC-US/1.0/
roblox_builders_club_upgrade_comparison_039,roblox_builders_club_upgrade_comparison.png,,,Upgrade to Roblox Builders Club — Membership Comparison Page,Roblox Corporation,2009,"This interface displayed a side-by-side comparison of Roblox membership tiers, including Free, Classic Builders Club, Turbo Builders Club, and Outrageous Builders Club. It outlined differences in daily Robux earnings, group limits, creation privileges, and signing bonuses. The page functioned as a conversion tool, encouraging users to upgrade by visually emphasizing the advantages of paid membership tiers.",Roblox; Builders Club; Membership Comparison; Virtual Economy; UI Design; Monetization System; Digital Interface History,,,,Roblox Wiki,,Image;StillImage,image/png,eng,Screenshot from public forum use for educational and archival purposes,http://rightsstatements.org/vocab/NoC-US/1.0/
builders_club_hard_hat_040,builders_club_hard_hat.png,,,Builders Club Hard Hat,Roblox Corporation (Roblox Admin Badge),2007-2019,The Builders Club Hard Hat was a virtual accessory automatically granted to users who purchased Builders Club membership. It functioned as a visual status item representing membership ownership within the Roblox platform. The item was part of a broader series of membership reward hats tied to Builders Club tiers. It became unobtainable following the discontinuation of Builders Club in 2019 and its replacement with Roblox Premium.,Roblox; Builders Club; Virtual Item; Membership Rewards; Digital Identity; Old Roblox Accessories,,,,Roblox Wiki,,Image;StillImage,image/png,eng,Screenshot from public forum use for educational and archival purposes,http://rightsstatements.org/vocab/NoC-US/1.0/
turbo_builders_club_hard_hat_041,turbo_builders_club_hard_hat.png,,,Turbo Builders Club Hard Hat,Roblox Corporation ,2009-2019,The Turbo Builders Club Hard Hat was a virtual accessory awarded to users who purchased Turbo Builders Club membership. It served as a visual indicator of mid-tier membership status within the Builders Club system. The item was part of the Builders Club Hard Hat series and reflected upgraded membership privileges compared to Classic Builders Club. It was later discontinued alongside Builders Club and became a limited item in 2022.,Roblox; Builders Club; Turbo Builders Club; Virtual Item; Digital Identity; Membership Rewards; Marketplace History,,,,Roblox Wiki,,Image;StillImage,image/png,eng,Screenshot from public forum use for educational and archival purposes,http://rightsstatements.org/vocab/NoC-US/1.0/
classic_avatar_culture_042,classic_avatar_culture.png,,,Classic Avatar Culture,Roblox Corporation,2007-2013,"Classic Avatar Culture describes an early Roblox identity system shaped by technical limitations rather than cosmetic choice. Avatars typically consisted of blocky default body parts, minimal accessories, and limited clothing systems, where hats and body colors carried most of the visual identity. Before modern shirt and pants systems were fully developed, players often improvised outfits using solid body colors and classic T-shirts to simulate clothing. This created a constraint-driven identity style where expression was emergent rather than designed. In modern Roblox culture, “Classic Avatars” are also recreated nostalgically in themed games, representing early-era aesthetics and design limitations.",Roblox; Avatar Culture; Identity Systems; Classic Era Roblox; Nostalgia Avatars; Early Roblox Design; User-Generated Identity,,,,Roblox Outfit Styles Wiki,,Image;StillImage,image/png,eng,Screenshot from public forum use for educational and archival purposes,http://rightsstatements.org/vocab/NoC-US/1.0/
old_roblox_catalog_043,old_roblox_catalog.png,,,Old Roblox Catalog Page,Roblox Corporation,2008,"This artifact represents an early Roblox Catalog webpage interface during the Ticket (Tix) and Builders Club era. The page includes a mixed content environment featuring Roblox catalog items, third-party advertisements (Google Ads, including unrelated retail promotions such as Circuit City), and early UI navigation elements such as “My ROBLOX,” “Games,” “Catalog,” “Builders Club,” “Forum,” and “News.” The catalog displays early cosmetic hats and items (e.g., ROBLOX Visor, Santa Hat, Firefighter Helmet, Floppy Fish) priced in Tickets (Tix), illustrating the pre-Robux economy system. The interface also shows early moderation settings (“Age: 13+, Chat Mode: Safe”), reflecting early safety segmentation systems. This snapshot demonstrates the hybrid nature of early Roblox as both a game platform and an ad-supported browser-based virtual world, where external advertising coexisted directly alongside user-generated item economies.",Roblox Catalog; Early Roblox UI; Ticket Economy; Virtual Marketplace; Avatar Items; Browser-Based Games; Digital Economy History; Roblox Ads Integration,,,,Reddit (r/roblox),,Image;StillImage,image/png,eng,Screenshot from public forum use for educational and archival purposes,http://rightsstatements.org/vocab/NoC-US/1.0/
roblox_models_page_2005_044,roblox_models_page_2005.png,,,Roblox Models Page (Early Build Library),Roblox Corporation,2005,"Early Roblox “Models” webpage showing user-created and developer-created building assets such as vehicles, physics objects, and experimental gameplay items. Includes early prototypes like Child on Skateboard, Bulldozer, Tank-car, and Hammer tool. This page represents one of the earliest forms of Roblox content sharing before modern catalog and avatar systems existed.",Early Roblox development; user-generated models; prototype game assets,,,,Roblox Wiki,,Image;StillImage,image/png,eng,Screenshot from public forum use for educational and archival purposes,http://rightsstatements.org/vocab/NoC-US/1.0/